
[
    {
        "id": "1",
        "No": 110,
        "Description": "Payee OF PREMIUM",
        "TransactionDate": "15 Mar 2018",
        "TotalAmount": -125000,
        "Status": "MATCHED",
        "CounterPartyRef": 2496243,
        "InstrumentNo": 365054,
        "InstrumentDate": "12 Feb 2018",
        "PreparedBy": "SL - RSA Dubai",
        "PreparedDate": "11 Feb 2018",
        "ApprovedBy": "SL - RSA Dubai",
        "ApprovedDate": "12 Feb 2018",
        "Bank": null,
        "PayeePolicyCollection": [
            {
                "PolicyID": 251,
                "PolicyNumber": 133213,
                "CostCenter": "GENERAL",
                "TaxInvoiceNo": "2423545",
                "PolicyType": "Endorsement",
                "CustomerName": "MILLENNIUM INSURANCE BROKERS",
                "Amount": -21695.11,
                "Commisson": 220,
                "ReferenceTransID": 251,
                "ReferenceTransType": 251,
                "ReferenceTransSlNo": 251,
                "Department": "add",
                "ProjectIndicator": "project indecator"
            },
            {
                "PolicyID": 251,
                "PolicyNumber": 133213,
                "CostCenter": "GENERAL",
                "PolicyType": "Endorsement",
                "CustomerName": "MILLENNIUM INSURANCE BROKERS",
                "Amount": -21695.11,
                "Commisson": 220,
                "ReferenceTransID": 251,
                "ReferenceTransType": 251,
                "ReferenceTransSlNo": 251,
                "Department": "add",
                "ProjectIndicator": "project indecator"
            }
        ]
    }
]

