[
    {
        "id": "1",
        "Description": "REIMBURSEMENT OF MEDICAL EXPENSES",
        "Date": "23 Apr 2001",
        "PaymentType": null,
        "PaymentMode": "Cash",
        "Amount": 771438,
        "Costcentre": "GENERAL",
        "ClaimYear": "10/08/2018",
        "SettlementType": "none",
        "PreparedBy": "SL - RSA Dubai",
        "ApprovedBy": "SL - RSA Dubai",
        "VoucherPaymentCollection": [
            {
                "id": "2",
                "VoucherNo": 100,
                "TransactionNo": 100,
                "Date": "23 Apr 2001",
                "Name": "GOPAL BABU",
                "Amount": 402,
                "CreditPaymentMode": null,
                "SLCode": 0,
                "PaymentType": null
            }
        ]
    }
]