[
    {
        "id":"1",
        "CostCentre": "GENERAL",
        "CreditnoteDate": "22/03/2018",
        "Name": "generl",
        "Description": null,
        "Status": null,
        "Amount": 7426.5,
        "PreparedBy": "SYSTEM",
        "PreparedDate": "",
        "ApprovedBy": "SYSTEM",
        "ApprovedDate": "11 june",
        "CounterPartyReferenceNumber": 52345,
        "RefTranID": 10058012,
        "RefTranType": 24,
        "RefTranSlNo": 1,
        "AnalysisCode": "IT-Personal Lines-Marine",
        "PaymentDetails": [
            {
                "VoucherNo": 721,
                "desc": "fdfef",
                "Date": "2002-08-07T00:00:00",
                "Name": null,
                "Amount": 450.01,
                "CreditPaymentMode": "Cheque",
                "SLCode": 0,
                "PaymentType": null,
                "SerialNumber": 0
            }
        ],
        "policyDetails": [
            {
                "PolicyID": 10081898,
                "PolicyNumber": 55053931,
                "CostCenter": "GACC",
                "PolicyType": "Travel Insurance Policy",
                "CustomerName": "DIRECT PERSONAL LINES",
                "DebitNoteNo": 0,
                "Amount": 324,
                "Commisson": 0,
                "ReferenceID": null,
                "ReferencTransType": null,
                "ReferenceTranSNo": null,
                "AnalysisCode": null
            },
            {
                "PolicyID": 10081898,
                "PolicyNumber": 55053931,
                "CostCenter": "GENERAL",
                "PolicyType": "Travel Insurance Policy",
                "CustomerName": "DIRECT PERSONAL LINES",
                "DebitNoteNo": 0,
                "Amount": 0,
                "Commisson": 0,
                "ReferenceID": null,
                "ReferencTransType": null,
                "ReferenceTranSNo": null,
                "AnalysisCode": null
            }
        ]
    }
]