[
    {
       "id":"1",
        "CostCentre": "GENERAL",
        "DebitNoteDate": "01/05/2001",
        "PartyName": "INSCO LLC, DUBAI",
        "Description": null,
        "Status": null,
        "Amount": -368,
        "Balance": 0,
        "PreparedBy": "SYSTEM",
        "PreparedDate": "",
        "ApprovedBy": null,
        "ApprovedDate": "",
        "CounterPartyReferenceNumber": 0,
        "RefTranID": 1914,
        "RefTranType": 2,
        "RefTranSlNo": 517,
        "AnalysisCode": null,
        "PolicyDetails": [
            {
                "PolicyID": 1914,
                "PolicyNumber": 1341,
                "CostCenter": "MOTOR",
                "PolicyType": "Comprehensive",
                "CustomerName": "DO NOT USE-INSCO - CREDIT CLIENTS",
                "DebitNoteNo": 0,
                "Amount": 92,
                "Commisson": 0,
                "ReferenceID": null,
                "ReferencTransType": null,
                "ReferenceTranSNo": null,
                "AnalysisCode": null
            },
            {
                "PolicyID": 1914,
                "PolicyNumber": 1341,
                "CostCenter": "MOTOR",
                "PolicyType": "Comprehensive",
                "CustomerName": "DO NOT USE-INSCO - CREDIT CLIENTS",
                "DebitNoteNo": 0,
                "Amount": -460,
                "Commisson": 0,
                "ReferenceID": null,
                "ReferencTransType": null,
                "ReferenceTranSNo": null,
                "AnalysisCode": null
            }
        ],
        "ReceiptDetails": [
            {
                "ReceiptNo": 12705,
                "ReceiptDate": "31 Dec 2003",
                "Description": "Cheque",
                "PaymentMode": "Cheque",
                "ReceiptAmount": -460
            },
            {
                "ReceiptNo": 12705,
                "ReceiptDate": "31 Dec 2003",
                "Description": "Cheque",
                "PaymentMode": "Cheque",
                "ReceiptAmount": 92
            }
        ]
    }
]