
[
    {
        "id": "1",
        "QuoteNumber": "3039384",
        "QuoteDate": "11 Jan 2018",
        "CostCentre": "Motor",
        "Broker": "Al Batha Group LLC",
        "Customer": "Hamda Al",
        "EffectiveDate": "11 Jan 2018",
        "ExpiryDate": "11 Jan 2018",
        "Excess": 250.00,
        "Premium": 3039.0,
        "Status": "active",
        "Outstanding": [
            {
                "Date": "11 Jan 2018",
                "Description": "Details providing an overview of the endorsement",
                "Amount": 13213
            }
        ],
        "Endorsements": [
            {
                "EndorsementNo": 251,
                "Description": "Details providing an overview of the endorsement",
                "Amount": 1322213
            }
        ],
        "Claims": [
            {
                "ClaimNumber": 251,
                "Risk": "Details providing an overview of the endorsement",
                "Type": "Excess",
                "Date": "11 Jan 2018",
                "Amount": 212313,
                "VAT": 39.00
            },
            {
                "ClaimNumber": null,
                "Risk": "",
                "Type": "Salvage",
                "Date": "11 Jan 2018",
                "Amount": 212313,
                "VAT": 39.00
            }
        ],
        "Renewals": [
            {
                "PolicyID": 251,
                "Date": "11 Jan 2018",
                "Description": "Details providing an overview of the endorsement",
                "Amount": 1321
            }
        ]
    }
]

