[
    
    {
        "id": 1,
        "name": "Policy Number",
        "checked": true
    },
    {
        "id": 3,
        "name": "Type",
        "checked": true
    },
    {
        "id": 2,
        "name": "Totalling A/C Number",
        "checked": true
    },    
    {
        "id": 4,
        "name": "GL A/C Number",
        "checked": true
    },
    {
        "id": 5,
        "name": "Party Name",
        "checked": true
    },
    {
        "id": 6,
        "name": "Journal Voucher No",
        "checked": true
    },
    {
        "id": 7,
        "name": "Amount Dr",
        "checked": true
    },
    {
        "id": 8,
        "name": "Amount Cr",
        "checked": true
    },   
    {
        "id": 9,
        "name": "Counter Party Ref",
        "checked": false
    },
    {
        "id": 10,
        "name": "Ref Tran ID",
        "checked": false
    },    
    {
        "id": 11,
        "name": "Ref Tran Type",
        "checked": false
       
    },    
    {
        "id": 12,
        "name": "Ref Tran Sl No",
        "checked": false
       
    },
    {
        "id": 13,
        "name": "Department",
        "checked": false
    },    
    {
        "id": 14,
        "name": "Project Indicator",
        "checked": false
       
    }
]