[
    
    {
        "id": 1,
        "name": "Policy Number",
        "checked": true
    },
    {
        "id": 2,
        "name": "Cost Centre",
        "checked": true
    },
    {
        "id": 3,
        "name": "Type",
        "checked": true
    },    
    {
        "id": 4,
        "name": "Customer Name",
        "checked": true
    },
    {
        "id": 5,
        "name": "Tax Invoice No",
        "checked": true
    },
    {
        "id": 6,
        "name": "Amount",
        "checked": true
    },
    {
        "id": 7,
        "name": "Counter Party Ref",
        "checked": false
    },
    {
        "id": 8,
        "name": "Ref Tran ID",
        "checked": true
    },
   
    {
        "id": 9,
        "name": "Ref Tran Type",
        "checked": false
    },
    {
        "id": 10,
        "name": "Ref Tran Sl No",
        "checked": false
    },
    {
        "id": 11,
        "name": "Department",
        "checked": false
    },
    
    {
        "id": 12,
        "name": "Project Indicator",
        "checked": false
       
    }
]