[
    {
        "id": 1,
        "item": "Receipts",
        "path": "/receipt/new",
        "name": "New Receipt",
        "checked": true,
        "imgpath": "src/assets/images/Icon_landingpage_newreports.svg"
    },
    {
        "id": 2,
        "item": "Payments",
        "path": "/payment/new",
        "name": "New Payments",
        "checked": true,
        "imgpath": "src/assets/images/Icon_landingpage_newjv.svg"
    },
    {
        "id": 3,
        "item": "Journal",
        "path": "/Journal",
        "name": "New JV",
        "checked": false,
        "imgpath": "src/assets/images/Icon_landingpage_soa.svg"
    },
    {
        "id": 4,
        "item": "Tax Invoice",
        "path": "/dn",
        "name": "New Tax Invoice",
        "checked": false,
        "imgpath": "src/assets/images/Icon_landingpage_newreports.svg"
    },
    {
        "id": 5,
        "item": "Credit Note",
        "path": "/cn",
        "name": "New CN",
        "checked": false,
        "imgpath": "src/assets/images/Icon_landingpage_newreports.svg"
    },
    {
        "id": 6,
        "item": "SOA",
        "path": "/soa",
        "name": "New SOA",
        "checked": false,
        "imgpath": "src/assets/images/Icon_landingpage_newreports.svg"
    },
    {
        "id": 7,
        "item": "TB",
        "path": "/tb",
        "name": "New TB",
        "checked": false,
        "imgpath": "src/assets/images/Icon_landingpage_newreports.svg"
    },
    {
        "id": 8,
        "item": "GL",
        "path": "/gl",
        "name": "New GL",
        "checked": false,
        "imgpath": "src/assets/images/Icon_landingpage_newreports.svg"
    }
]