[
    {
        "id": 1,
        "item": "Policy No/ID"
    },
    {
        "id": 2,
        "item": "Receipt No"
    },
    {
        "id": 3,
        "item": "Payment No"
    },
    {
        "id": 4,
        "item": "Entity"
    },
    {
        "id": 5,
        "item": "Credit Note No"
    },
    {
        "id": 6,
        "item": "Tax Invoice No"
    },
    {
        "id": 7,
        "item": "Journal No"
    },
    {
        "id": 8,
        "item": "Claim No"
    },
    {
        "id": 9,
        "item": "Endorsement No"
    },
    {
        "id": 10,
        "item": "Quotation No"
    },
    {
        "id": 11,
        "item": "Payee Name"
    },
    {
        "id": 12,
        "item": "Cheque No"
    },
    {
        "id": 13,
        "item": "Approval Code"
    }
]