{  
    "firstname":"Ellie",
    "lastname":"Richards",
    "profileurl":"",
    "currency":"AED",
    "symbol" : ".2-2",
    "bannerurl":"src/assets/images/banner_uae.svg",
    "logourl":"src/assets/images/logo_rsa.svg",
    "defaultcity":"Dubai",
    "location":
    [  
      {  
         "id":1,
         "item":"Dubai"         
      },
      {  
         "id":2,
         "item":"Abu Dhabi"        
      },
      {  
         "id":3,
         "item":"Sharjah"         
      }
   ]
}
