{  
    "firstname":"Ellie",
    "lastname":"Richards",
    "profileurl":"",
    "currency":"SAR",
    "symbol" : ".2-2",
    "bannerurl":"src/assets/images/banner_ksa.svg",
    "logourl":"src/assets/images/logo_alamiya.svg",
    "defaultcity":"Riyadh",
    "location":
    [  
      {  
         "id":1,
         "item":"Riyadh"         
      },
      {  
         "id":2,
         "item":"Jeddah"
          },
      {  
         "id":3,
         "item":"Al Khobar"
      }
   ]
}
